----------------------------------------------------------------------------------------------------
-- Vets
----------------------------------------------------------------------------------------------------
insert into PETCLINIC_VETERINARIAN
(ID, VERSION, CREATED_DATE, CREATED_BY, LAST_MODIFIED_DATE, LAST_MODIFIED_BY, DELETED_DATE, DELETED_BY, FIRST_NAME, LAST_NAME)
values ('0ff2af01-0864-fca9-17e3-61795c76bf26', 2, '2018-11-05 17:38:39', 'admin', '2018-11-05 17:45:54', 'admin', null, null, 'Professor', 'Oak');
insert into PETCLINIC_VETERINARIAN
(ID, VERSION, CREATED_DATE, CREATED_BY, LAST_MODIFIED_DATE, LAST_MODIFIED_BY, DELETED_DATE, DELETED_BY, FIRST_NAME, LAST_NAME)
values ('3d9c0a8d-fe96-dd9d-e4c8-43622a40288b', 2, '2018-11-05 17:38:39', 'admin', '2018-11-05 17:45:54', 'admin', null, null, 'Professor', 'Elm');
insert into PETCLINIC_VETERINARIAN
(ID, VERSION, CREATED_DATE, CREATED_BY, LAST_MODIFIED_DATE, LAST_MODIFIED_BY, DELETED_DATE, DELETED_BY, FIRST_NAME, LAST_NAME)
values ('89823558-4410-1ce6-bf08-e458a3635587', 2, '2018-11-05 17:41:39', 'admin', '2018-11-05 17:48:28', 'admin', null, null, 'Professor', 'Juniper');
insert into PETCLINIC_VETERINARIAN
(ID, VERSION, CREATED_DATE, CREATED_BY, LAST_MODIFIED_DATE, LAST_MODIFIED_BY, DELETED_DATE, DELETED_BY, FIRST_NAME, LAST_NAME)
values ('a4b53456-6f77-77d7-910c-88f8d6246228', 2, '2018-11-05 17:41:23', 'admin', '2018-11-05 17:47:39', 'admin', null, null, 'Professor', 'Birch');
insert into PETCLINIC_VETERINARIAN
(ID, VERSION, CREATED_DATE, CREATED_BY, LAST_MODIFIED_DATE, LAST_MODIFIED_BY, DELETED_DATE, DELETED_BY, FIRST_NAME, LAST_NAME)
values ('cd0696db-ceb2-cc38-3783-8df3ac86e411', 2, '2018-11-05 17:41:34', 'admin', '2018-11-05 17:48:01', 'admin', null, null, 'Professor', 'Rowan');
insert into PETCLINIC_VETERINARIAN
(ID, VERSION, CREATED_DATE, CREATED_BY, LAST_MODIFIED_DATE, LAST_MODIFIED_BY, DELETED_DATE, DELETED_BY, FIRST_NAME, LAST_NAME)
values ('fae58016-f5ba-47c3-26f9-387dd4704e2d', 2, '2018-11-05 17:41:48', 'admin', '2018-11-05 17:48:48', 'admin', null, null, 'Professor', 'Sycamore');


----------------------------------------------------------------------------------------------------
-- Specialties
----------------------------------------------------------------------------------------------------
INSERT INTO PETCLINIC_SPECIALTY (ID, VERSION, CREATED_DATE, CREATED_BY, LAST_MODIFIED_DATE, LAST_MODIFIED_BY, DELETED_DATE, DELETED_BY, NAME) VALUES ('1e4ab428-d357-7431-88a2-02bf9380caaf', 1, '2018-11-05 17:47:18.179000', 'admin', '2018-11-05 17:47:18.179000', null, null, null, 'Pokemon Breeding Patterns');
INSERT INTO PETCLINIC_SPECIALTY (ID, VERSION, CREATED_DATE, CREATED_BY, LAST_MODIFIED_DATE, LAST_MODIFIED_BY, DELETED_DATE, DELETED_BY, NAME) VALUES ('6875768e-5b6a-3e57-02de-01adc15dbd29', 1, '2018-11-05 17:48:48.049000', 'admin', '2018-11-05 17:48:48.049000', null, null, null, 'Mega Evolution and Change');
INSERT INTO PETCLINIC_SPECIALTY (ID, VERSION, CREATED_DATE, CREATED_BY, LAST_MODIFIED_DATE, LAST_MODIFIED_BY, DELETED_DATE, DELETED_BY, NAME) VALUES ('69a010e3-0c79-9005-d481-a1703816b173', 2, '2018-11-05 17:46:13.591000', 'admin', '2018-11-05 17:46:49.266000', 'admin', null, null, 'Pokemon attacks');
INSERT INTO PETCLINIC_SPECIALTY (ID, VERSION, CREATED_DATE, CREATED_BY, LAST_MODIFIED_DATE, LAST_MODIFIED_BY, DELETED_DATE, DELETED_BY, NAME) VALUES ('72501593-d5ea-00ae-fa8e-b38e612c6938', 1, '2018-11-05 17:47:37.925000', 'admin', '2018-11-05 17:47:37.925000', null, null, null, 'Pokemon habitats');
INSERT INTO PETCLINIC_SPECIALTY (ID, VERSION, CREATED_DATE, CREATED_BY, LAST_MODIFIED_DATE, LAST_MODIFIED_BY, DELETED_DATE, DELETED_BY, NAME) VALUES ('90b5b561-c4d3-ebc2-e804-46927812fdce', 1, '2018-11-05 17:48:28.111000', 'admin', '2018-11-05 17:48:28.111000', null, null, null, 'Origins of Pokemon');
INSERT INTO PETCLINIC_SPECIALTY (ID, VERSION, CREATED_DATE, CREATED_BY, LAST_MODIFIED_DATE, LAST_MODIFIED_BY, DELETED_DATE, DELETED_BY, NAME) VALUES ('9b285d08-ab03-1f78-50e9-eda4b78bf0b0', 1, '2018-11-05 17:47:59.891000', 'admin', '2018-11-05 17:47:59.891000', null, null, null, 'Pokemon Evolution');
INSERT INTO PETCLINIC_SPECIALTY (ID, VERSION, CREATED_DATE, CREATED_BY, LAST_MODIFIED_DATE, LAST_MODIFIED_BY, DELETED_DATE, DELETED_BY, NAME) VALUES ('9d7fb940-4439-9366-5105-d7d7cc972a27', 1, '2018-11-05 17:45:51.262000', 'admin', '2018-11-05 17:45:51.262000', null, null, null, 'Human Pokemon relationship');
INSERT INTO PETCLINIC_SPECIALTY (ID, VERSION, CREATED_DATE, CREATED_BY, LAST_MODIFIED_DATE, LAST_MODIFIED_BY, DELETED_DATE, DELETED_BY, NAME) VALUES ('a42bf3e4-d302-0e85-c9f4-83be23053e35', 1, '2018-11-05 17:40:21.367000', 'admin', '2018-11-05 17:40:21.367000', null, null, null, 'Pokemon attacks');


----------------------------------------------------------------------------------------------------
-- Vets to Specialties Mappings
----------------------------------------------------------------------------------------------------
INSERT INTO PETCLINIC_VET_SPECIALTY_LINK (VETERINARIAN_ID, SPECIALTY_ID) VALUES ('0ff2af01-0864-fca9-17e3-61795c76bf26', '9d7fb940-4439-9366-5105-d7d7cc972a27');
INSERT INTO PETCLINIC_VET_SPECIALTY_LINK (VETERINARIAN_ID, SPECIALTY_ID) VALUES ('3d9c0a8d-fe96-dd9d-e4c8-43622a40288b', '1e4ab428-d357-7431-88a2-02bf9380caaf');
INSERT INTO PETCLINIC_VET_SPECIALTY_LINK (VETERINARIAN_ID, SPECIALTY_ID) VALUES ('89823558-4410-1ce6-bf08-e458a3635587', '90b5b561-c4d3-ebc2-e804-46927812fdce');
INSERT INTO PETCLINIC_VET_SPECIALTY_LINK (VETERINARIAN_ID, SPECIALTY_ID) VALUES ('a4b53456-6f77-77d7-910c-88f8d6246228', '72501593-d5ea-00ae-fa8e-b38e612c6938');
INSERT INTO PETCLINIC_VET_SPECIALTY_LINK (VETERINARIAN_ID, SPECIALTY_ID) VALUES ('cd0696db-ceb2-cc38-3783-8df3ac86e411', '9b285d08-ab03-1f78-50e9-eda4b78bf0b0');
INSERT INTO PETCLINIC_VET_SPECIALTY_LINK (VETERINARIAN_ID, SPECIALTY_ID) VALUES ('fae58016-f5ba-47c3-26f9-387dd4704e2d', '6875768e-5b6a-3e57-02de-01adc15dbd29');



----------------------------------------------------------------------------------------------------
-- Pet Types
----------------------------------------------------------------------------------------------------
insert into PETCLINIC_PET_TYPE
(ID, VERSION, CREATED_DATE, CREATED_BY, LAST_MODIFIED_DATE, LAST_MODIFIED_BY, DELETED_DATE, DELETED_BY, NAME, COLOR)
values ('1728d1fc-243e-0cd4-08d3-717ea8a48e12', 1, '2018-11-05 17:26:24', 'admin', '2018-11-05 17:26:24', null, null, null, 'Ice', '96D9D6');
insert into PETCLINIC_PET_TYPE
(ID, VERSION, CREATED_DATE, CREATED_BY, LAST_MODIFIED_DATE, LAST_MODIFIED_BY, DELETED_DATE, DELETED_BY, NAME, COLOR)
values ('1e2abb1f-5f77-865e-17fa-b67e85497523', 1, '2018-11-05 17:26:04', 'admin', '2018-11-05 17:26:04', null, null, null, 'Water', '6390F0');
insert into PETCLINIC_PET_TYPE
(ID, VERSION, CREATED_DATE, CREATED_BY, LAST_MODIFIED_DATE, LAST_MODIFIED_BY, DELETED_DATE, DELETED_BY, NAME, COLOR)
values ('2dd34e45-8086-815b-51f9-491d9e8c2cab', 1, '2018-11-05 17:27:33', 'admin', '2018-11-05 17:27:33', null, null, null, 'Dragon', '6F35FC');
insert into PETCLINIC_PET_TYPE
(ID, VERSION, CREATED_DATE, CREATED_BY, LAST_MODIFIED_DATE, LAST_MODIFIED_BY, DELETED_DATE, DELETED_BY, NAME, COLOR)
values ('57283bed-3d27-6499-4aab-fac6c2f00cc8', 1, '2018-11-05 17:27:38', 'admin', '2018-11-05 17:27:38', null, null, null, 'Dark', '705746');
insert into PETCLINIC_PET_TYPE
(ID, VERSION, CREATED_DATE, CREATED_BY, LAST_MODIFIED_DATE, LAST_MODIFIED_BY, DELETED_DATE, DELETED_BY, NAME, COLOR)
values ('7975b0f7-d371-0943-4b85-cb203391c0da', 1, '2018-11-05 17:27:49', 'admin', '2018-11-05 17:27:49', null, null, null, 'Fairy', 'D685AD');
insert into PETCLINIC_PET_TYPE
(ID, VERSION, CREATED_DATE, CREATED_BY, LAST_MODIFIED_DATE, LAST_MODIFIED_BY, DELETED_DATE, DELETED_BY, NAME, COLOR)
values ('8202565b-eaf0-6f97-e2bb-d66ad93bd487', 1, '2018-11-05 17:26:59', 'admin', '2018-11-05 17:26:59', null, null, null, 'Poison', 'A33EA1');
insert into PETCLINIC_PET_TYPE
(ID, VERSION, CREATED_DATE, CREATED_BY, LAST_MODIFIED_DATE, LAST_MODIFIED_BY, DELETED_DATE, DELETED_BY, NAME, COLOR)
values ('85643276-e9f2-4e41-1bb0-db132a67f2a2', 1, '2018-11-05 17:27:09', 'admin', '2018-11-05 17:27:09', null, null, null, 'Psychic', 'F95587');
insert into PETCLINIC_PET_TYPE
(ID, VERSION, CREATED_DATE, CREATED_BY, LAST_MODIFIED_DATE, LAST_MODIFIED_BY, DELETED_DATE, DELETED_BY, NAME, COLOR)
values ('b48f8744-3a69-a374-3198-44320abd126d', 1, '2018-11-05 17:27:43', 'admin', '2018-11-05 17:27:43', null, null, null, 'Steel', 'B7B7CE');
insert into PETCLINIC_PET_TYPE
(ID, VERSION, CREATED_DATE, CREATED_BY, LAST_MODIFIED_DATE, LAST_MODIFIED_BY, DELETED_DATE, DELETED_BY, NAME, COLOR)
values ('d390dc26-3462-7586-221a-3110f0fcd97c', 1, '2018-11-05 17:26:09', 'admin', '2018-11-05 17:26:09', null, null, null, 'Electric', 'F7D02C');
insert into PETCLINIC_PET_TYPE
(ID, VERSION, CREATED_DATE, CREATED_BY, LAST_MODIFIED_DATE, LAST_MODIFIED_BY, DELETED_DATE, DELETED_BY, NAME, COLOR)
values ('d579c6ee-1539-a04c-c8de-cfc484b22348', 1, '2018-11-05 17:25:54', 'admin', '2018-11-05 17:25:54', null, null, null, 'Fire', 'EE8130');
insert into PETCLINIC_PET_TYPE
(ID, VERSION, CREATED_DATE, CREATED_BY, LAST_MODIFIED_DATE, LAST_MODIFIED_BY, DELETED_DATE, DELETED_BY, NAME, COLOR)
values ('d8583ddf-66d5-18e4-d626-0afab2dda797', 1, '2018-11-05 17:27:15', 'admin', '2018-11-05 17:27:15', null, null, null, 'Bug', 'A6B91A');
insert into PETCLINIC_PET_TYPE
(ID, VERSION, CREATED_DATE, CREATED_BY, LAST_MODIFIED_DATE, LAST_MODIFIED_BY, DELETED_DATE, DELETED_BY, NAME, COLOR)
values ('dde7ab60-6029-2c13-269a-38e247ef7f87', 1, '2018-11-05 17:25:47', 'admin', '2018-11-05 17:25:47', null, null, null, 'Normal', 'A8A77A');
insert into PETCLINIC_PET_TYPE
(ID, VERSION, CREATED_DATE, CREATED_BY, LAST_MODIFIED_DATE, LAST_MODIFIED_BY, DELETED_DATE, DELETED_BY, NAME, COLOR)
values ('dfda1fa5-277f-cd3e-c056-30156d42ed71', 1, '2018-11-05 17:27:27', 'admin', '2018-11-05 17:27:27', null, null, null, 'Ghost', '735797');
insert into PETCLINIC_PET_TYPE
(ID, VERSION, CREATED_DATE, CREATED_BY, LAST_MODIFIED_DATE, LAST_MODIFIED_BY, DELETED_DATE, DELETED_BY, NAME, COLOR)
values ('ebe4e9ac-0934-a9ea-5cde-7a913c4bbc70', 1, '2018-11-05 17:27:20', 'admin', '2018-11-05 17:27:20', null, null, null, 'Rock', 'B6A136');
insert into PETCLINIC_PET_TYPE
(ID, VERSION, CREATED_DATE, CREATED_BY, LAST_MODIFIED_DATE, LAST_MODIFIED_BY, DELETED_DATE, DELETED_BY, NAME, COLOR)
values ('ecde1aab-9cd1-5b7a-77e0-51a281e997d0', 1, '2018-11-05 17:26:18', 'admin', '2018-11-05 17:26:18', null, null, null, 'Grass', '7AC74C');
insert into PETCLINIC_PET_TYPE
(ID, VERSION, CREATED_DATE, CREATED_BY, LAST_MODIFIED_DATE, LAST_MODIFIED_BY, DELETED_DATE, DELETED_BY, NAME, COLOR)
values ('f3520ed7-47a0-b8a4-722c-41c3eeb663b4', 1, '2018-11-05 17:27:01', 'admin', '2018-11-05 17:27:01', null, null, null, 'Flying', 'A98FF3');
insert into PETCLINIC_PET_TYPE
(ID, VERSION, CREATED_DATE, CREATED_BY, LAST_MODIFIED_DATE, LAST_MODIFIED_BY, DELETED_DATE, DELETED_BY, NAME, COLOR)
values ('fec71826-2cac-6a2a-0960-acc63637d301', 1, '2018-11-05 17:26:41', 'admin', '2018-11-05 17:26:41', null, null, null, 'Fighting', 'C22E28');


----------------------------------------------------------------------------------------------------
-- Owner
----------------------------------------------------------------------------------------------------

INSERT INTO PETCLINIC_OWNER (ID, VERSION, CREATED_DATE, CREATED_BY, LAST_MODIFIED_DATE, LAST_MODIFIED_BY, DELETED_DATE, DELETED_BY, FIRST_NAME, LAST_NAME, ADDRESS, CITY, EMAIL, TELEPHONE) VALUES ('1dd854d8-b5a2-79d5-5734-2207aa949ec4', 2, '2018-11-06 07:56:58.355000', 'admin', '2018-11-06 07:57:20.553000', 'admin', null, null, 'Jessie', null, 'Baker Street15', 'Kanto', 'jesse@example.com', '00493768266781');
INSERT INTO PETCLINIC_OWNER (ID, VERSION, CREATED_DATE, CREATED_BY, LAST_MODIFIED_DATE, LAST_MODIFIED_BY, DELETED_DATE, DELETED_BY, FIRST_NAME, LAST_NAME, ADDRESS, CITY, EMAIL, TELEPHONE) VALUES ('351eb2d2-c70b-3af7-109c-2b19a5929101', 4, '2018-11-06 08:12:25.666000', 'admin', '2018-11-06 08:16:59.972000', 'admin', null, null, 'Ash', 'Ketchum', 'Miastreet 134', 'Alabastia', 'ash-ketchum@example.com', '00497688166348');
INSERT INTO PETCLINIC_OWNER (ID, VERSION, CREATED_DATE, CREATED_BY, LAST_MODIFIED_DATE, LAST_MODIFIED_BY, DELETED_DATE, DELETED_BY, FIRST_NAME, LAST_NAME, ADDRESS, CITY, EMAIL, TELEPHONE) VALUES ('79fa17b9-a130-207d-5091-f79cceb9cf99', 1, '2018-11-06 16:10:59.395000', 'admin', '2018-11-06 16:10:59.395000', null, null, null, 'Brock', null, 'Downten Street 23', 'Kanto', 'brock@example.com', '0049817312');
INSERT INTO PETCLINIC_OWNER (ID, VERSION, CREATED_DATE, CREATED_BY, LAST_MODIFIED_DATE, LAST_MODIFIED_BY, DELETED_DATE, DELETED_BY, FIRST_NAME, LAST_NAME, ADDRESS, CITY, EMAIL, TELEPHONE) VALUES ('9e583379-4043-a47f-2937-133204ac86b1', 1, '2018-11-06 07:58:47.947000', 'admin', '2018-11-06 07:58:47.947000', null, null, null, 'James', null, 'Gardenstreet1b', 'Kanto', 'james@example.com', '004962717987128');
INSERT INTO PETCLINIC_OWNER (ID, VERSION, CREATED_DATE, CREATED_BY, LAST_MODIFIED_DATE, LAST_MODIFIED_BY, DELETED_DATE, DELETED_BY, FIRST_NAME, LAST_NAME, ADDRESS, CITY, EMAIL, TELEPHONE) VALUES ('c3bb4197-4189-c26a-2aa9-35c0ebb9faa4', 1, '2018-11-06 08:19:52.539000', 'admin', '2018-11-06 08:19:52.539000', null, null, null, 'Misty', null, 'Pokemonville 255', 'Kanto', 'misty@example.com', '00491841632');



----------------------------------------------------------------------------------------------------
-- Pets
----------------------------------------------------------------------------------------------------

INSERT INTO PETCLINIC_PET (ID, VERSION, CREATED_DATE, CREATED_BY, LAST_MODIFIED_DATE, LAST_MODIFIED_BY, DELETED_DATE, DELETED_BY, NAME, IDENTIFICATION_NUMBER, BIRTHDATE, TYPE_ID, OWNER_ID) VALUES ('098b43a9-e9a2-e6c7-be5d-10f650e3849b', 1, '2018-11-06 16:07:48.224000', 'admin', '2018-11-06 16:07:48.224000', null, null, null, 'Dewgong', '087', '1997-08-15', '1e2abb1f-5f77-865e-17fa-b67e85497523', 'c3bb4197-4189-c26a-2aa9-35c0ebb9faa4');
INSERT INTO PETCLINIC_PET (ID, VERSION, CREATED_DATE, CREATED_BY, LAST_MODIFIED_DATE, LAST_MODIFIED_BY, DELETED_DATE, DELETED_BY, NAME, IDENTIFICATION_NUMBER, BIRTHDATE, TYPE_ID, OWNER_ID) VALUES ('0d53e61a-d453-4060-78b0-720fd3f452e5', 1, '2018-11-06 08:02:54.161000', 'admin', '2018-11-06 08:02:54.161000', null, null, null, 'Ekans', '023', '1997-05-04', '8202565b-eaf0-6f97-e2bb-d66ad93bd487', '1dd854d8-b5a2-79d5-5734-2207aa949ec4');
INSERT INTO PETCLINIC_PET (ID, VERSION, CREATED_DATE, CREATED_BY, LAST_MODIFIED_DATE, LAST_MODIFIED_BY, DELETED_DATE, DELETED_BY, NAME, IDENTIFICATION_NUMBER, BIRTHDATE, TYPE_ID, OWNER_ID) VALUES ('3335af73-fa3b-5045-cd3b-e15f7b758969', 1, '2018-11-06 08:14:07.628000', 'admin', '2018-11-06 08:14:07.628000', null, null, null, 'Rowlet', '722', '1999-10-24', 'f3520ed7-47a0-b8a4-722c-41c3eeb663b4', '351eb2d2-c70b-3af7-109c-2b19a5929101');
INSERT INTO PETCLINIC_PET (ID, VERSION, CREATED_DATE, CREATED_BY, LAST_MODIFIED_DATE, LAST_MODIFIED_BY, DELETED_DATE, DELETED_BY, NAME, IDENTIFICATION_NUMBER, BIRTHDATE, TYPE_ID, OWNER_ID) VALUES ('344b9307-a51b-1985-bdaf-098af78ab704', 1, '2018-11-06 16:13:45.975000', 'admin', '2018-11-06 16:13:45.975000', null, null, null, 'Forretress', '205', '1997-02-01', 'b48f8744-3a69-a374-3198-44320abd126d', '79fa17b9-a130-207d-5091-f79cceb9cf99');
INSERT INTO PETCLINIC_PET (ID, VERSION, CREATED_DATE, CREATED_BY, LAST_MODIFIED_DATE, LAST_MODIFIED_BY, DELETED_DATE, DELETED_BY, NAME, IDENTIFICATION_NUMBER, BIRTHDATE, TYPE_ID, OWNER_ID) VALUES ('37df7caa-e9cd-a96b-3412-e7ce7dc58ef8', 1, '2018-11-06 12:06:12.986000', 'admin', '2018-11-06 12:06:12.986000', null, null, null, 'Staryu', '120', '1998-01-16', '1e2abb1f-5f77-865e-17fa-b67e85497523', 'c3bb4197-4189-c26a-2aa9-35c0ebb9faa4');
INSERT INTO PETCLINIC_PET (ID, VERSION, CREATED_DATE, CREATED_BY, LAST_MODIFIED_DATE, LAST_MODIFIED_BY, DELETED_DATE, DELETED_BY, NAME, IDENTIFICATION_NUMBER, BIRTHDATE, TYPE_ID, OWNER_ID) VALUES ('4100306c-49cd-0961-bfa3-c50859f1e6c4', 1, '2018-11-06 08:02:19.381000', 'admin', '2018-11-06 08:02:19.381000', null, null, null, 'Smogon', '109', '1998-08-12', '8202565b-eaf0-6f97-e2bb-d66ad93bd487', '9e583379-4043-a47f-2937-133204ac86b1');
INSERT INTO PETCLINIC_PET (ID, VERSION, CREATED_DATE, CREATED_BY, LAST_MODIFIED_DATE, LAST_MODIFIED_BY, DELETED_DATE, DELETED_BY, NAME, IDENTIFICATION_NUMBER, BIRTHDATE, TYPE_ID, OWNER_ID) VALUES ('4aa6369f-d6ef-2304-6337-71e32099e60b', 1, '2018-11-06 08:16:19.612000', 'admin', '2018-11-06 08:16:19.612000', null, null, null, 'Kingler', '099', '1998-01-17', '1e2abb1f-5f77-865e-17fa-b67e85497523', '351eb2d2-c70b-3af7-109c-2b19a5929101');
INSERT INTO PETCLINIC_PET (ID, VERSION, CREATED_DATE, CREATED_BY, LAST_MODIFIED_DATE, LAST_MODIFIED_BY, DELETED_DATE, DELETED_BY, NAME, IDENTIFICATION_NUMBER, BIRTHDATE, TYPE_ID, OWNER_ID) VALUES ('514258a9-9342-75e5-9897-d1f9a6b1ad7a', 1, '2018-11-06 08:06:09.650000', 'admin', '2018-11-06 08:06:09.650000', null, null, null, 'Cubone', '104', '1998-09-11', 'dde7ab60-6029-2c13-269a-38e247ef7f87', '1dd854d8-b5a2-79d5-5734-2207aa949ec4');
INSERT INTO PETCLINIC_PET (ID, VERSION, CREATED_DATE, CREATED_BY, LAST_MODIFIED_DATE, LAST_MODIFIED_BY, DELETED_DATE, DELETED_BY, NAME, IDENTIFICATION_NUMBER, BIRTHDATE, TYPE_ID, OWNER_ID) VALUES ('599d30ba-9c4b-bcc3-689d-ab1662bcc2b5', 1, '2018-11-06 16:12:17.687000', 'admin', '2018-11-06 16:12:17.687000', null, null, null, 'Steelix', '208', '1998-02-11', 'b48f8744-3a69-a374-3198-44320abd126d', '79fa17b9-a130-207d-5091-f79cceb9cf99');
INSERT INTO PETCLINIC_PET (ID, VERSION, CREATED_DATE, CREATED_BY, LAST_MODIFIED_DATE, LAST_MODIFIED_BY, DELETED_DATE, DELETED_BY, NAME, IDENTIFICATION_NUMBER, BIRTHDATE, TYPE_ID, OWNER_ID) VALUES ('5b90d16e-2034-e766-6040-b5c9becb5f3b', 1, '2018-11-06 16:13:08.973000', 'admin', '2018-11-06 16:13:08.973000', null, null, null, 'Crobat', '169', '1998-12-30', '8202565b-eaf0-6f97-e2bb-d66ad93bd487', '79fa17b9-a130-207d-5091-f79cceb9cf99');
INSERT INTO PETCLINIC_PET (ID, VERSION, CREATED_DATE, CREATED_BY, LAST_MODIFIED_DATE, LAST_MODIFIED_BY, DELETED_DATE, DELETED_BY, NAME, IDENTIFICATION_NUMBER, BIRTHDATE, TYPE_ID, OWNER_ID) VALUES ('71f4886e-cee0-7778-ace8-9ecf85627054', 1, '2018-11-06 08:14:50.883000', 'admin', '2018-11-06 08:14:50.883000', null, null, null, 'Charizard', '006', '1997-10-11', 'd579c6ee-1539-a04c-c8de-cfc484b22348', '351eb2d2-c70b-3af7-109c-2b19a5929101');
INSERT INTO PETCLINIC_PET (ID, VERSION, CREATED_DATE, CREATED_BY, LAST_MODIFIED_DATE, LAST_MODIFIED_BY, DELETED_DATE, DELETED_BY, NAME, IDENTIFICATION_NUMBER, BIRTHDATE, TYPE_ID, OWNER_ID) VALUES ('75ecb1aa-5a36-0e93-6876-69f266b09ded', 1, '2018-11-06 08:03:25.428000', 'admin', '2018-11-06 08:03:25.428000', null, null, null, 'Zubat', '041', '1998-01-05', 'f3520ed7-47a0-b8a4-722c-41c3eeb663b4', '9e583379-4043-a47f-2937-133204ac86b1');
INSERT INTO PETCLINIC_PET (ID, VERSION, CREATED_DATE, CREATED_BY, LAST_MODIFIED_DATE, LAST_MODIFIED_BY, DELETED_DATE, DELETED_BY, NAME, IDENTIFICATION_NUMBER, BIRTHDATE, TYPE_ID, OWNER_ID) VALUES ('8b249acd-4c73-c4e7-bb9f-288ff4624ac1', 1, '2018-11-06 16:08:11.168000', 'admin', '2018-11-06 16:08:11.168000', null, null, null, 'Horsea', '116', '1998-06-16', '1e2abb1f-5f77-865e-17fa-b67e85497523', 'c3bb4197-4189-c26a-2aa9-35c0ebb9faa4');
INSERT INTO PETCLINIC_PET (ID, VERSION, CREATED_DATE, CREATED_BY, LAST_MODIFIED_DATE, LAST_MODIFIED_BY, DELETED_DATE, DELETED_BY, NAME, IDENTIFICATION_NUMBER, BIRTHDATE, TYPE_ID, OWNER_ID) VALUES ('9a562132-b084-9b46-5b86-a8fe4d75c473', 1, '2018-11-06 08:09:19.723000', 'admin', '2018-11-06 08:09:19.723000', null, null, null, 'Houndour', '228', '1999-05-05', 'd579c6ee-1539-a04c-c8de-cfc484b22348', '9e583379-4043-a47f-2937-133204ac86b1');
INSERT INTO PETCLINIC_PET (ID, VERSION, CREATED_DATE, CREATED_BY, LAST_MODIFIED_DATE, LAST_MODIFIED_BY, DELETED_DATE, DELETED_BY, NAME, IDENTIFICATION_NUMBER, BIRTHDATE, TYPE_ID, OWNER_ID) VALUES ('a19d3651-ca5b-7e92-1273-fe35002c3d11', 1, '2018-11-06 12:07:00.416000', 'admin', '2018-11-06 12:07:00.416000', null, null, null, 'Starmie', '121', '1998-01-01', '1e2abb1f-5f77-865e-17fa-b67e85497523', 'c3bb4197-4189-c26a-2aa9-35c0ebb9faa4');
INSERT INTO PETCLINIC_PET (ID, VERSION, CREATED_DATE, CREATED_BY, LAST_MODIFIED_DATE, LAST_MODIFIED_BY, DELETED_DATE, DELETED_BY, NAME, IDENTIFICATION_NUMBER, BIRTHDATE, TYPE_ID, OWNER_ID) VALUES ('a7d0553f-9fa6-4d9b-f817-e1d31ef08582', 1, '2018-11-06 08:03:58.904000', 'admin', '2018-11-06 08:03:58.904000', null, null, null, 'Drowzee', '096', '1997-10-10', '85643276-e9f2-4e41-1bb0-db132a67f2a2', '9e583379-4043-a47f-2937-133204ac86b1');
INSERT INTO PETCLINIC_PET (ID, VERSION, CREATED_DATE, CREATED_BY, LAST_MODIFIED_DATE, LAST_MODIFIED_BY, DELETED_DATE, DELETED_BY, NAME, IDENTIFICATION_NUMBER, BIRTHDATE, TYPE_ID, OWNER_ID) VALUES ('cbc8b9aa-a9ae-f284-be67-7988e6eb9d57', 1, '2018-11-06 08:06:36.914000', 'admin', '2018-11-06 08:06:36.914000', null, null, null, 'Rattata', '019', '1997-04-10', 'dde7ab60-6029-2c13-269a-38e247ef7f87', '1dd854d8-b5a2-79d5-5734-2207aa949ec4');
INSERT INTO PETCLINIC_PET (ID, VERSION, CREATED_DATE, CREATED_BY, LAST_MODIFIED_DATE, LAST_MODIFIED_BY, DELETED_DATE, DELETED_BY, NAME, IDENTIFICATION_NUMBER, BIRTHDATE, TYPE_ID, OWNER_ID) VALUES ('d27f2a47-5a8d-ba9e-07c1-ed0c6235ca83', 1, '2018-11-06 08:15:53.308000', 'admin', '2018-11-06 08:15:53.308000', null, null, null, 'Bulbasaur', '001', '1997-04-01', 'ecde1aab-9cd1-5b7a-77e0-51a281e997d0', '351eb2d2-c70b-3af7-109c-2b19a5929101');
INSERT INTO PETCLINIC_PET (ID, VERSION, CREATED_DATE, CREATED_BY, LAST_MODIFIED_DATE, LAST_MODIFIED_BY, DELETED_DATE, DELETED_BY, NAME, IDENTIFICATION_NUMBER, BIRTHDATE, TYPE_ID, OWNER_ID) VALUES ('d83cc7f7-69b5-3830-ff1d-ed74d1e4a79c', 1, '2018-11-06 08:13:35.742000', 'admin', '2018-11-06 08:13:35.742000', null, null, null, 'Pikachu', '025', '1998-01-03', 'd390dc26-3462-7586-221a-3110f0fcd97c', '351eb2d2-c70b-3af7-109c-2b19a5929101');
INSERT INTO PETCLINIC_PET (ID, VERSION, CREATED_DATE, CREATED_BY, LAST_MODIFIED_DATE, LAST_MODIFIED_BY, DELETED_DATE, DELETED_BY, NAME, IDENTIFICATION_NUMBER, BIRTHDATE, TYPE_ID, OWNER_ID) VALUES ('da908071-50af-8338-0278-22bf673adeb1', 1, '2018-11-06 08:04:38.235000', 'admin', '2018-11-06 08:04:38.235000', null, null, null, 'Sandshrew', '027', '1997-11-10', '1728d1fc-243e-0cd4-08d3-717ea8a48e12', '1dd854d8-b5a2-79d5-5734-2207aa949ec4');
INSERT INTO PETCLINIC_PET (ID, VERSION, CREATED_DATE, CREATED_BY, LAST_MODIFIED_DATE, LAST_MODIFIED_BY, DELETED_DATE, DELETED_BY, NAME, IDENTIFICATION_NUMBER, BIRTHDATE, TYPE_ID, OWNER_ID) VALUES ('dd6ad831-9633-ae61-7158-3f717d0cd2f2', 1, '2018-11-06 16:12:46.185000', 'admin', '2018-11-06 16:12:46.185000', null, null, null, 'Geodude', '074', '1997-12-24', 'ebe4e9ac-0934-a9ea-5cde-7a913c4bbc70', '79fa17b9-a130-207d-5091-f79cceb9cf99');
INSERT INTO PETCLINIC_PET (ID, VERSION, CREATED_DATE, CREATED_BY, LAST_MODIFIED_DATE, LAST_MODIFIED_BY, DELETED_DATE, DELETED_BY, NAME, IDENTIFICATION_NUMBER, BIRTHDATE, TYPE_ID, OWNER_ID) VALUES ('e66f31a9-fa41-3e76-e881-d139439afc27', 1, '2018-11-06 08:07:44.372000', 'admin', '2018-11-06 08:07:44.372000', null, null, null, 'Murkrow', '198', '1998-03-11', 'f3520ed7-47a0-b8a4-722c-41c3eeb663b4', '1dd854d8-b5a2-79d5-5734-2207aa949ec4');
INSERT INTO PETCLINIC_PET (ID, VERSION, CREATED_DATE, CREATED_BY, LAST_MODIFIED_DATE, LAST_MODIFIED_BY, DELETED_DATE, DELETED_BY, NAME, IDENTIFICATION_NUMBER, BIRTHDATE, TYPE_ID, OWNER_ID) VALUES ('ebc6b61a-e6cc-8b95-4139-cc76fd408539', 1, '2018-11-06 12:05:35.403000', 'admin', '2018-11-06 12:05:35.403000', null, null, null, 'Goldeen', '118', '1998-05-15', '1e2abb1f-5f77-865e-17fa-b67e85497523', 'c3bb4197-4189-c26a-2aa9-35c0ebb9faa4');
INSERT INTO PETCLINIC_PET (ID, VERSION, CREATED_DATE, CREATED_BY, LAST_MODIFIED_DATE, LAST_MODIFIED_BY, DELETED_DATE, DELETED_BY, NAME, IDENTIFICATION_NUMBER, BIRTHDATE, TYPE_ID, OWNER_ID) VALUES ('f6c097bb-8fcf-55d1-3949-342f98cc7e62', 1, '2018-11-06 16:08:57.900000', 'admin', '2018-11-06 16:08:57.900000', null, null, null, 'Psyduck', '054', '1998-09-19', '1e2abb1f-5f77-865e-17fa-b67e85497523', 'c3bb4197-4189-c26a-2aa9-35c0ebb9faa4');


----------------------------------------------------------------------------------------------------
-- Users
----------------------------------------------------------------------------------------------------

-- -- Nurse Joy
INSERT INTO PUBLIC.PETCLINIC_USER (ID, VERSION, USERNAME, FIRST_NAME, LAST_NAME, PASSWORD, EMAIL, ACTIVE, CREATED_BY, CREATED_DATE, DELETED_BY, DELETED_DATE, LAST_MODIFIED_BY, LAST_MODIFIED_DATE) VALUES ('bfde2c4f-3e00-8778-2667-563426d2e267', 1, 'joy', 'Nurse', 'Joy', '{bcrypt}$2a$10$FEX2HBxuz4KOzLV4h2AXuui0SRjsVKRKIfnXxVya.DkabdDriDGMS', null, true, 'admin', '2021-07-27 15:16:47.207000', null, null, null, '2021-07-27 15:16:47.207000');
INSERT INTO PUBLIC.SEC_ROLE_ASSIGNMENT (ID, VERSION, CREATE_TS, CREATED_BY, UPDATE_TS, UPDATED_BY, DELETE_TS, DELETED_BY, USERNAME, ROLE_CODE, ROLE_TYPE) VALUES ('9b12bcfd-b670-889d-5cc6-a8f0f0db5879', 1, '2021-07-27 15:16:58.150000', 'admin', '2021-07-27 15:16:58.150000', null, null, null, 'joy', 'ui-minimal', 'resource');
INSERT INTO PUBLIC.SEC_ROLE_ASSIGNMENT (ID, VERSION, CREATE_TS, CREATED_BY, UPDATE_TS, UPDATED_BY, DELETE_TS, DELETED_BY, USERNAME, ROLE_CODE, ROLE_TYPE) VALUES ('c7e3bf9a-007f-4b07-27b3-bf0b81e156c0', 1, '2021-07-27 15:16:58.150000', 'admin', '2021-07-27 15:16:58.150000', null, null, null, 'joy', 'ui-filter', 'resource');
INSERT INTO PUBLIC.SEC_ROLE_ASSIGNMENT (ID, VERSION, CREATE_TS, CREATED_BY, UPDATE_TS, UPDATED_BY, DELETE_TS, DELETED_BY, USERNAME, ROLE_CODE, ROLE_TYPE) VALUES ('32e75e50-01aa-9d76-04ee-f6817f71dbdb', 1, '2021-07-27 15:16:58.150000', 'admin', '2021-07-27 15:16:58.150000', null, null, null, 'joy', 'Nurse', 'resource');

-- -- Nurse Comfey
INSERT INTO PUBLIC.PETCLINIC_USER (ID, VERSION, USERNAME, FIRST_NAME, LAST_NAME, PASSWORD, EMAIL, ACTIVE, CREATED_BY, CREATED_DATE, DELETED_BY, DELETED_DATE, LAST_MODIFIED_BY, LAST_MODIFIED_DATE) VALUES ('bfde2c4f-3e00-8778-2667-563426d2e262', 1, 'comfey', 'Nurse', 'Comfey', '{bcrypt}$2a$10$1YPqOUABRRXV7FmVBTXWs.QFk5SHLyREuB0vYlq1tapXwFM25Q4Uu', null, true, 'admin', '2021-07-27 15:16:47.207000', null, null, null, '2021-07-27 15:16:47.207000');
INSERT INTO PUBLIC.SEC_ROLE_ASSIGNMENT (ID, VERSION, CREATE_TS, CREATED_BY, UPDATE_TS, UPDATED_BY, DELETE_TS, DELETED_BY, USERNAME, ROLE_CODE, ROLE_TYPE) VALUES ('9b12bcfd-b670-889d-5cc6-a8f0f0db5871', 1, '2021-07-27 15:16:58.150000', 'admin', '2021-07-27 15:16:58.150000', null, null, null, 'comfey', 'ui-minimal', 'resource');
INSERT INTO PUBLIC.SEC_ROLE_ASSIGNMENT (ID, VERSION, CREATE_TS, CREATED_BY, UPDATE_TS, UPDATED_BY, DELETE_TS, DELETED_BY, USERNAME, ROLE_CODE, ROLE_TYPE) VALUES ('c7e3bf9a-007f-4b07-27b3-bf0b81e156c1', 1, '2021-07-27 15:16:58.150000', 'admin', '2021-07-27 15:16:58.150000', null, null, null, 'comfey', 'ui-filter', 'resource');
INSERT INTO PUBLIC.SEC_ROLE_ASSIGNMENT (ID, VERSION, CREATE_TS, CREATED_BY, UPDATE_TS, UPDATED_BY, DELETE_TS, DELETED_BY, USERNAME, ROLE_CODE, ROLE_TYPE) VALUES ('32e75e50-01aa-9d76-04ee-f6817f71dbd1', 1, '2021-07-27 15:16:58.150000', 'admin', '2021-07-27 15:16:58.150000', null, null, null, 'comfey', 'Nurse', 'resource');

-- Prof. Oak
INSERT INTO PUBLIC.PETCLINIC_USER (ID, VERSION, USERNAME, FIRST_NAME, LAST_NAME, PASSWORD, EMAIL, ACTIVE, CREATED_BY, CREATED_DATE, DELETED_BY, DELETED_DATE, LAST_MODIFIED_BY, LAST_MODIFIED_DATE) VALUES ('dc7804fc-76d2-79da-39e0-2e785de35b14', 1, 'oak', 'Professor', 'Oak', '{bcrypt}$2a$10$VqfPG9sYwAqWOhq2T8JVOeNvrdetidWrMNSSt8yTPQNm0qeCmPL8a', null, true, 'admin', '2021-07-28 11:25:51.087000', null, null, null, '2021-07-28 11:25:51.087000');
INSERT INTO PUBLIC.SEC_ROLE_ASSIGNMENT (ID, VERSION, CREATE_TS, CREATED_BY, UPDATE_TS, UPDATED_BY, DELETE_TS, DELETED_BY, USERNAME, ROLE_CODE, ROLE_TYPE) VALUES ('0bfc38ca-d9bb-270e-d69c-1c5301eb49f2', 1, '2021-07-28 11:26:04.747000', 'admin', '2021-07-28 11:26:04.747000', null, null, null, 'oak', 'ui-minimal', 'resource');
INSERT INTO PUBLIC.SEC_ROLE_ASSIGNMENT (ID, VERSION, CREATE_TS, CREATED_BY, UPDATE_TS, UPDATED_BY, DELETE_TS, DELETED_BY, USERNAME, ROLE_CODE, ROLE_TYPE) VALUES ('c1934565-0112-bafb-ae5e-80ef15d2e621', 1, '2021-07-28 11:26:04.748000', 'admin', '2021-07-28 11:26:04.748000', null, null, null, 'oak', 'ui-filter', 'resource');
INSERT INTO PUBLIC.SEC_ROLE_ASSIGNMENT (ID, VERSION, CREATE_TS, CREATED_BY, UPDATE_TS, UPDATED_BY, DELETE_TS, DELETED_BY, USERNAME, ROLE_CODE, ROLE_TYPE) VALUES ('b438ab8b-4053-6c20-8882-c60dd71f789e', 1, '2021-07-28 11:26:04.748000', 'admin', '2021-07-28 11:26:04.748000', null, null, null, 'oak', 'Veterinarian', 'resource');

-- Prof. Juniper
INSERT INTO PUBLIC.PETCLINIC_USER (ID, VERSION, USERNAME, FIRST_NAME, LAST_NAME, PASSWORD, EMAIL, ACTIVE, CREATED_BY, CREATED_DATE, DELETED_BY, DELETED_DATE, LAST_MODIFIED_BY, LAST_MODIFIED_DATE) VALUES ('dc7804fc-76d2-79da-39e0-2e785de35b15', 1, 'juniper', 'Professor', 'Juniper', '{bcrypt}$2a$10$VMuCB.Ot5PMi8bsZ41sC2.T2/guRE21cHGHgpJVdvf86L3FBMmxSq', null, true, 'admin', '2021-07-28 11:25:51.087000', null, null, null, '2021-07-28 11:25:51.087000');
INSERT INTO PUBLIC.SEC_ROLE_ASSIGNMENT (ID, VERSION, CREATE_TS, CREATED_BY, UPDATE_TS, UPDATED_BY, DELETE_TS, DELETED_BY, USERNAME, ROLE_CODE, ROLE_TYPE) VALUES ('0bfc38ca-d9bb-270e-d69c-1c5301eb49f5', 1, '2021-07-28 11:26:04.747000', 'admin', '2021-07-28 11:26:04.747000', null, null, null, 'juniper', 'ui-minimal', 'resource');
INSERT INTO PUBLIC.SEC_ROLE_ASSIGNMENT (ID, VERSION, CREATE_TS, CREATED_BY, UPDATE_TS, UPDATED_BY, DELETE_TS, DELETED_BY, USERNAME, ROLE_CODE, ROLE_TYPE) VALUES ('c1934565-0112-bafb-ae5e-80ef15d2e627', 1, '2021-07-28 11:26:04.748000', 'admin', '2021-07-28 11:26:04.748000', null, null, null, 'juniper', 'ui-filter', 'resource');
INSERT INTO PUBLIC.SEC_ROLE_ASSIGNMENT (ID, VERSION, CREATE_TS, CREATED_BY, UPDATE_TS, UPDATED_BY, DELETE_TS, DELETED_BY, USERNAME, ROLE_CODE, ROLE_TYPE) VALUES ('b438ab8b-4053-6c20-8882-c60dd71f7892', 1, '2021-07-28 11:26:04.748000', 'admin', '2021-07-28 11:26:04.748000', null, null, null, 'juniper', 'Veterinarian', 'resource');
